{
    "hikka.security": {
        "owner": [
            1993674639
        ]
    },
    "hikka.inline.token_obtainment": {
        "no_mute": true
    },
    "hikka.inline": {
        "bot_token": null
    },
    "InlineStuffMod": {
        "migrated": true
    },
    "Presets": {
        "sent": true
    },
    "UpdaterMod": {
        "do_not_create": true,
        "__config__": {
            "GIT_ORIGIN_URL": "https://github.com/hikariatama/Hikka"
        },
        "restart_ts": null
    },
    "hikka": {
        "disable_quickstart": true
    },
    "APIRatelimiterMod": {
        "__config__": {
            "time_sample": 15,
            "threshold": 100,
            "local_floodwait": 30,
            "forbidden_methods": [
                "joinChannel",
                "importChatInvite"
            ]
        }
    },
    "HelpMod": {
        "__config__": {
            "core_emoji": "\u25aa\ufe0f",
            "hikka_emoji": "\ud83c\udf18",
            "plain_emoji": "\u25ab\ufe0f",
            "empty_emoji": "\ud83d\ude48"
        }
    },
    "HikkaInfoMod": {
        "__config__": {
            "custom_message": null,
            "custom_button": [
                "\ud83c\udf18 Support chat",
                "https://t.me/hikka_talks"
            ],
            "banner_url": "https://github.com/hikariatama/assets/raw/master/hikka_banner.mp4"
        }
    },
    "LoaderMod": {
        "__config__": {
            "MODULES_REPO": "https://mods.hikariatama.ru",
            "ADDITIONAL_REPOS": [
                "https://github.com/hikariatama/host/raw/master",
                "https://github.com/MoriSummerz/ftg-mods/raw/main",
                "https://gitlab.com/CakesTwix/friendly-userbot-modules/-/raw/master"
            ],
            "share_link": false
        },
        "token": "eugeo_zetvossdpuoqedhhgfpbgpxqep",
        "loaded_modules": {
            "HikkaModsSocketMod": "https://mods.hikariatama.ru/hikkamods_socket.py",
            "BackuperMod": "https://mods.hikariatama.ru/backuper.py",
            "ModuleCloudMod": "https://mods.hikariatama.ru/cloud.py",
            "TerminalMod": "https://mods.hikariatama.ru/terminal.py"
        },
        "reacted": [
            "1584686424/HikkaModsSocket",
            "1584686424/Backuper",
            "1584686424/ModuleCloud"
        ]
    },
    "TestMod": {
        "__config__": {
            "force_send_all": false,
            "tglog_level": "INFO"
        }
    },
    "UpdateNotifierMod": {
        "__config__": {
            "disable_notifications": false
        }
    },
    "HikkaModsSocketMod": {
        "nomute": true,
        "__config__": {
            "autoupdate": false
        }
    },
    "TerminalMod": {
        "__config__": {
            "FLOOD_WAIT_PROTECT": 2
        }
    },
    "CoreMod": {
        "aliases": {}
    }
}